{
  "author": "AngularUI Team",
  "name": "angular-ui-mask",
  "homepage": "https://github.com/angular-ui/ui-mask",
  "main": "./dist/mask.js",
  "license": "MIT",
  "dependencies": {
    "angular": ">= 1.3.6"
  },
  "devDependencies": {
    "angular-mocks": ">=1.3.6"
  },
  "version": "1.6.1",
  "_release": "1.6.1",
  "_resolution": {
    "type": "version",
    "tag": "1.6.1",
    "commit": "d63b1a18d93455c102483b27e8ed843a38c2c1e4"
  },
  "_source": "git://github.com/angular-ui/ui-mask.git",
  "_target": "*",
  "_originalSource": "angular-ui-mask"
}